<?xml version="1.0" encoding="UTF-8" standalone="yes"?>
<OfficeApp  xmlns="http://schemas.microsoft.com/office/appforoffice/1.1"
    xmlns:xsi="http://www.w3.org/2001/XMLSchema-instance"
    xmlns:bt="http://schemas.microsoft.com/office/officeappbasictypes/1.0"
    xmlns:mailappor="http://schemas.microsoft.com/office/mailappversionoverrides/1.0"
    xsi:type="MailApp">
	<Id></Id>
	<Version>{version}</Version>
	<ProviderName>VIPRE SafeSend Web Add-In</ProviderName>
	<DefaultLocale>en-US</DefaultLocale>
	<DisplayName DefaultValue="VIPRE SafeSend"/>
	<Description DefaultValue="Confirm external recipients and attachments in outgoing email."/>
	<IconUrl DefaultValue="{domain}/images/AppIcon40.png"/>
	<HighResolutionIconUrl DefaultValue="{domain}/images/AppIcon80.png"/>
	<AppDomains>
		<AppDomain>https://localhost/</AppDomain>
		<AppDomain>https://outlook.live.com/</AppDomain>
	</AppDomains>
	<!--End Basic Settings. -->
	<Hosts>
		<Host Name="Mailbox" />
	</Hosts>
	<Requirements>
		<Sets>
			<Set Name="Mailbox" MinVersion="1.5" />
		</Sets>
	</Requirements>
	<FormSettings>
		<Form xsi:type="ItemEdit">
			<DesktopSettings>
				<SourceLocation DefaultValue="https://localhost/index.html"/>
			</DesktopSettings>
		</Form>
	</FormSettings>

	<Permissions>ReadWriteMailbox</Permissions>
	<Rule xsi:type="RuleCollection" Mode="Or">
		<Rule xsi:type="ItemIs" ItemType="Message" FormType="Edit" />
		<Rule xsi:type="ItemIs" ItemType="Appointment" FormType="Edit" />
	</Rule>
	<DisableEntityHighlighting>false</DisableEntityHighlighting>
	<VersionOverrides xmlns="http://schemas.microsoft.com/office/mailappversionoverrides" xsi:type="VersionOverridesV1_0">
		<!-- On Send requires VersionOverridesV1_1 -->
		<!-- https://dev.office.com/docs/add-ins/outlook/outlook-on-send-addins -->
		<VersionOverrides xmlns="http://schemas.microsoft.com/office/mailappversionoverrides/1.1" xsi:type="VersionOverridesV1_1">
			<Requirements>
				<bt:Sets DefaultMinVersion="1.5">
					<bt:Set Name="Mailbox" />
				</bt:Sets>
			</Requirements>
			<Hosts>
				<Host xsi:type="MailHost">
					<DesktopFormFactor>
						<!-- Location of the Functions that UI-less buttons can trigger (ExecuteFunction Actions). -->
						<FunctionFile resid="functionFile" />
						<ExtensionPoint xsi:type="Events">
							<Event Type="ItemSend" FunctionExecution="synchronous" FunctionName="onSendEvent" />
						</ExtensionPoint>
					</DesktopFormFactor>
				</Host>
			</Hosts>
			<Resources>
				<bt:Urls>
					<bt:Url id="functionFile" DefaultValue="https://localhost/"/>
				</bt:Urls>
			</Resources>
{webApplicationInfo}
		</VersionOverrides>
	</VersionOverrides>
</OfficeApp>
